customer_id,name,email,phone,city,country
1,Daniel Harris,daniel_harris7@live.com,7516965686,Jaipur,India
2,Sophia Garcia,sophiagarcia@aol.com,9975245977,Delhi,India
3,Harper Martin,harper_martin91@live.com,8075284626,Sydney,Australia
4,Noah Williams,noah_williams27@live.com,7986276864,Sydney,Australia
5,James Miller,jmiller588@proton.me,6770198760,Berlin,Germany
6,Liam Smith,liamsmith@yahoo.com,6530247670,Kolkata,India
7,Grace Clark,grace_clark85@live.com,7224762429,London,United Kingdom
8,Harper Martin,harper_martin77@proton.me,8432023609,Lucknow,India
9,James Miller,james.miller@outlook.com,9134200499,Chennai,India
10,Grace Clark,grace.clark@outlook.com,9195220723,Melbourne,Australia
11,Mia Wilson,mia_wilson94@live.com,9430539932,Sydney,Australia
12,Noah Williams,noahwilliams@hotmail.com,7816782461,Bengaluru,India
13,Olivia Johnson,oliviajohnson@gmail.com,9642599892,London,United Kingdom
14,Lucas Taylor,lucastaylor@outlook.com,8192622364,Jaipur,India
15,Ava Jones,ajones905@icloud.com,6813610704,Chennai,India
16,Grace Clark,grace.clark@outlook.com,9976722264,Mumbai,India
17,Liam Smith,lsmith165@outlook.com,7654032348,Pune,India
18,Grace Clark,grace.clark@yahoo.com,8801020175,Bengaluru,India
19,Amelia Anderson,ameliaanderson@icloud.com,8874119140,Pune,India
20,Ava Jones,ajones484@yahoo.com,6015772957,Manchester,United Kingdom
21,Ella Thompson,ethompson110@aol.com,8270542289,Delhi,India
22,Lucas Taylor,ltaylor991@aol.com,9143792218,Toronto,Canada
23,Daniel Harris,dharris106@aol.com,6773787367,Jaipur,India
24,Noah Williams,noah.williams@proton.me,6962452197,Kolkata,India
25,Ella Thompson,ethompson298@aol.com,6448526332,Pune,India
26,Ava Jones,avajones@yahoo.com,9568851666,Pune,India
27,Evelyn Jackson,evelyn.jackson@gmail.com,9348005616,Toronto,Canada
28,Olivia Johnson,oliviajohnson@aol.com,6096283146,New York,USA
29,Henry Thomas,henrythomas@outlook.com,9226281928,Berlin,Germany
30,Liam Smith,lsmith200@gmail.com,9275481403,Manchester,United Kingdom
31,David Martinez,davidmartinez@proton.me,9824562951,Sydney,Australia
32,Henry Thomas,hthomas606@live.com,6435455305,Jaipur,India
33,Benjamin Davis,benjamin_davis46@live.com,8915735279,Mumbai,India
34,James Miller,jamesmiller@aol.com,8899062142,Toronto,Canada
35,Michael White,michael.white@hotmail.com,7987287102,Bengaluru,India
36,Emma Brown,ebrown749@aol.com,6922032444,Hyderabad,India
37,Harper Martin,hmartin816@yahoo.com,8177814736,Delhi,India
38,Olivia Johnson,ojohnson252@yahoo.com,7174826908,Mumbai,India
39,Charlotte Moore,cmoore44@proton.me,9321794459,Delhi,India
40,Liam Smith,lsmith975@aol.com,6170702543,Los Angeles,USA
41,Noah Williams,noah_williams97@icloud.com,8448019335,Kolkata,India
42,Lucas Taylor,ltaylor989@proton.me,7927555324,Sydney,Australia
43,Mia Wilson,mia.wilson@outlook.com,8901634564,Hyderabad,India
44,Olivia Johnson,olivia.johnson@proton.me,9468321023,Chennai,India
45,Evelyn Jackson,ejackson810@icloud.com,8893247908,Hyderabad,India
46,Harper Martin,harpermartin@outlook.com,7332478050,Hyderabad,India
47,Ella Thompson,ella_thompson7@gmail.com,6742893784,London,United Kingdom
48,Evelyn Jackson,ejackson94@hotmail.com,7781799936,Chennai,India
49,Sophia Garcia,sgarcia980@aol.com,7869187253,Los Angeles,USA
50,Michael White,michael_white26@gmail.com,8865138579,Pune,India
51,Henry Thomas,henry_thomas82@yahoo.com,6727320066,Lucknow,India
52,Liam Smith,liamsmith@hotmail.com,8465195343,Ahmedabad,India
53,Sophia Garcia,sophia.garcia@gmail.com,9654967162,Delhi,India
54,Evelyn Jackson,evelyn_jackson69@yahoo.com,8596321239,Melbourne,Australia
55,Ella Thompson,ella.thompson@gmail.com,9774357864,Bengaluru,India
56,Mia Wilson,mwilson328@icloud.com,8510278171,Sydney,Australia
57,Olivia Johnson,olivia.johnson@hotmail.com,7120829417,Tokyo,Japan
58,Lucas Taylor,lucastaylor@hotmail.com,7904249197,Bengaluru,India
59,Noah Williams,nwilliams437@outlook.com,7897010735,Kolkata,India
60,Sophia Garcia,sophiagarcia@gmail.com,7487388658,Pune,India
61,Ava Jones,avajones@gmail.com,8983170164,Pune,India
62,Olivia Johnson,olivia_johnson39@hotmail.com,9594265562,London,United Kingdom
63,Harper Martin,hmartin889@icloud.com,7013942506,Chennai,India
64,Sophia Garcia,sgarcia783@yahoo.com,6084689012,Delhi,India
65,Emma Brown,ebrown963@aol.com,8847907953,Lucknow,India
66,Michael White,michael.white@outlook.com,9946533701,Mumbai,India
67,David Martinez,davidmartinez@aol.com,6662837637,Bengaluru,India
68,Emma Brown,emmabrown@proton.me,9641236054,Lucknow,India
69,Grace Clark,grace_clark3@yahoo.com,6396908747,Mumbai,India
70,Grace Clark,grace.clark@gmail.com,9715577764,Chennai,India
71,Evelyn Jackson,ejackson443@hotmail.com,6607634104,Hyderabad,India
72,Olivia Johnson,olivia.johnson@hotmail.com,7190978996,Kolkata,India
73,Michael White,mwhite775@icloud.com,6259274951,Paris,France
74,Benjamin Davis,benjamin.davis@gmail.com,6322383133,Tokyo,Japan
75,Henry Thomas,henry.thomas@yahoo.com,9882339760,Tokyo,Japan
76,Olivia Johnson,ojohnson638@yahoo.com,6369413086,New York,USA
77,Noah Williams,noahwilliams@gmail.com,7144617076,Manchester,United Kingdom
78,Mia Wilson,mia.wilson@yahoo.com,9493304480,Bengaluru,India
79,Amelia Anderson,aanderson262@hotmail.com,7033556987,Chennai,India
80,Sophia Garcia,sophiagarcia@gmail.com,6558387899,Mumbai,India
81,Daniel Harris,daniel.harris@yahoo.com,6688982460,Melbourne,Australia
82,James Miller,james_miller51@live.com,7544295933,Melbourne,Australia
83,Mia Wilson,mia_wilson99@hotmail.com,6770473947,Lucknow,India
84,Amelia Anderson,amelia_anderson26@hotmail.com,8637566129,Hyderabad,India
85,Mia Wilson,mia.wilson@hotmail.com,9591993109,London,United Kingdom
86,Ava Jones,avajones@yahoo.com,7614319913,Chennai,India
87,Evelyn Jackson,ejackson87@hotmail.com,8965738026,New York,USA
88,Michael White,michael.white@icloud.com,9262146589,Delhi,India
89,Ava Jones,ajones267@proton.me,8908242529,Mumbai,India
90,Sophia Garcia,sophia_garcia91@icloud.com,8759185378,London,United Kingdom
91,Olivia Johnson,olivia.johnson@outlook.com,9342114941,Melbourne,Australia
92,David Martinez,david_martinez5@aol.com,8734590339,Jaipur,India
93,Benjamin Davis,bdavis42@icloud.com,9431172588,Chennai,India
94,Ava Jones,ajones642@proton.me,9780908074,London,United Kingdom
95,Evelyn Jackson,evelyn.jackson@outlook.com,9931526360,Chennai,India
96,Michael White,mwhite557@gmail.com,6807449863,Ahmedabad,India
97,Sophia Garcia,sophiagarcia@outlook.com,7783265423,Ahmedabad,India
98,Benjamin Davis,bdavis299@proton.me,6378064477,Mumbai,India
99,Lucas Taylor,lucastaylor@gmail.com,8833599613,Tokyo,Japan
100,Emma Brown,ebrown401@proton.me,7780997351,Tokyo,Japan
101,Grace Clark,grace.clark@yahoo.com,6794844772,Los Angeles,USA
102,Henry Thomas,henry_thomas36@icloud.com,6349969249,Melbourne,Australia
103,David Martinez,dmartinez830@icloud.com,9991000718,Toronto,Canada
104,Grace Clark,grace_clark64@yahoo.com,7340338861,Delhi,India
105,Grace Clark,gclark474@proton.me,9222361996,Los Angeles,USA
106,Daniel Harris,danielharris@icloud.com,8607803571,Bengaluru,India
107,Daniel Harris,daniel.harris@yahoo.com,8059076786,Paris,France
108,Grace Clark,gclark204@gmail.com,9398926168,Ahmedabad,India
109,Ella Thompson,ethompson404@aol.com,9351549708,Bengaluru,India
110,Emma Brown,emma.brown@outlook.com,9477083455,Ahmedabad,India
111,Amelia Anderson,amelia.anderson@proton.me,9980810538,Lucknow,India
112,Charlotte Moore,charlotte.moore@gmail.com,6204976913,Toronto,Canada
113,Daniel Harris,danielharris@yahoo.com,7256573104,Berlin,Germany
114,Emma Brown,ebrown512@gmail.com,7522455705,Sydney,Australia
115,Sophia Garcia,sophia.garcia@gmail.com,7547151667,Chennai,India
116,Michael White,michaelwhite@aol.com,6878301364,Lucknow,India
117,Grace Clark,grace.clark@live.com,6892285559,Hyderabad,India
118,Charlotte Moore,charlotte.moore@live.com,9999168877,Pune,India
119,David Martinez,david.martinez@aol.com,8390634313,Sydney,Australia
120,Mia Wilson,mia.wilson@outlook.com,9381818849,Tokyo,Japan
121,Evelyn Jackson,evelyn.jackson@proton.me,6611872188,Mumbai,India
122,Evelyn Jackson,evelynjackson@proton.me,7737151155,Delhi,India
123,Lucas Taylor,lucastaylor@icloud.com,6572849544,Hyderabad,India
124,Evelyn Jackson,ejackson742@yahoo.com,7697832427,Bengaluru,India
125,Michael White,mwhite629@aol.com,9479987624,Mumbai,India
126,Lucas Taylor,lucas_taylor26@gmail.com,6908764017,Sydney,Australia
127,Lucas Taylor,lucas_taylor20@gmail.com,7558298997,Tokyo,Japan
128,Mia Wilson,miawilson@hotmail.com,6053381401,Chennai,India
129,Charlotte Moore,charlottemoore@icloud.com,6488146669,Lucknow,India
130,Amelia Anderson,amelia.anderson@proton.me,6021087260,Hyderabad,India
131,Lucas Taylor,lucastaylor@hotmail.com,6035091337,Tokyo,Japan
132,Ella Thompson,ellathompson@proton.me,6865479963,Sydney,Australia
133,Mia Wilson,mia.wilson@yahoo.com,6960235679,Melbourne,Australia
134,Charlotte Moore,charlotte_moore3@gmail.com,7660857513,Bengaluru,India
135,Ava Jones,ava.jones@icloud.com,6796034819,Sydney,Australia
136,Grace Clark,gclark38@yahoo.com,9108129559,Delhi,India
137,Emma Brown,emmabrown@gmail.com,9739137983,New York,USA
138,Mia Wilson,mia.wilson@aol.com,9989306078,Melbourne,Australia
139,Liam Smith,lsmith447@yahoo.com,6101338471,Sydney,Australia
140,Sophia Garcia,sophia_garcia28@icloud.com,9616369725,Berlin,Germany
141,Henry Thomas,henry_thomas80@aol.com,8763366522,Delhi,India
142,Amelia Anderson,amelia.anderson@hotmail.com,9226365722,Toronto,Canada
143,Daniel Harris,danielharris@proton.me,6808689746,Paris,France
144,Daniel Harris,daniel.harris@outlook.com,6889304801,Melbourne,Australia
145,Mia Wilson,mia_wilson10@proton.me,6801776284,London,United Kingdom
146,James Miller,james_miller64@proton.me,8616707511,Tokyo,Japan
147,Grace Clark,graceclark@hotmail.com,7056126288,Toronto,Canada
148,Harper Martin,hmartin405@outlook.com,7976427320,New York,USA
149,Benjamin Davis,bdavis436@icloud.com,9224989948,Pune,India
150,Grace Clark,grace_clark35@proton.me,9971504617,Bengaluru,India
151,Benjamin Davis,bdavis631@hotmail.com,6107011378,Bengaluru,India
152,Daniel Harris,dharris24@live.com,9019207024,Sydney,Australia
153,Daniel Harris,daniel_harris61@live.com,6398287693,Manchester,United Kingdom
154,Lucas Taylor,ltaylor217@aol.com,6688984043,Mumbai,India
155,Amelia Anderson,ameliaanderson@live.com,8408412847,Manchester,United Kingdom
156,Charlotte Moore,charlotte_moore43@live.com,6313688079,Ahmedabad,India
157,Ella Thompson,ella_thompson6@hotmail.com,8030201460,Toronto,Canada
158,Liam Smith,liamsmith@live.com,6174415548,Tokyo,Japan
159,Sophia Garcia,sophiagarcia@gmail.com,6365394573,Mumbai,India
160,Liam Smith,liam_smith42@live.com,7262684485,Mumbai,India
161,Noah Williams,nwilliams940@yahoo.com,8414570061,Manchester,United Kingdom
162,Emma Brown,emmabrown@aol.com,7380164491,Jaipur,India
163,Michael White,michael.white@outlook.com,7236841384,Lucknow,India
164,Ava Jones,ava_jones3@gmail.com,9191661405,Pune,India
165,Emma Brown,emma_brown50@gmail.com,8421548426,Melbourne,Australia
166,Liam Smith,liamsmith@gmail.com,8229157524,London,United Kingdom
167,Henry Thomas,hthomas865@icloud.com,7818547344,Jaipur,India
168,Mia Wilson,mia_wilson29@outlook.com,7127908278,Chennai,India
169,Evelyn Jackson,evelynjackson@proton.me,8570561487,Chennai,India
170,Harper Martin,hmartin814@hotmail.com,7378892874,Toronto,Canada
171,Ella Thompson,ellathompson@hotmail.com,8658127422,Kolkata,India
172,Ava Jones,ava.jones@proton.me,6449663034,Pune,India
173,Benjamin Davis,benjamin.davis@aol.com,7222689356,Manchester,United Kingdom
174,Olivia Johnson,oliviajohnson@icloud.com,8145974158,Manchester,United Kingdom
175,Olivia Johnson,olivia_johnson94@gmail.com,7114339362,Chennai,India
176,Mia Wilson,mia_wilson26@outlook.com,6007828267,Paris,France
177,Emma Brown,emma.brown@live.com,9658820325,Lucknow,India
178,James Miller,james_miller58@yahoo.com,7386350866,Pune,India
179,Charlotte Moore,charlotte_moore81@live.com,8899606484,Manchester,United Kingdom
180,Olivia Johnson,olivia_johnson6@aol.com,8138839752,Lucknow,India
181,Liam Smith,liam.smith@icloud.com,6159153861,Berlin,Germany
182,Michael White,michael_white36@proton.me,9476249339,Berlin,Germany
183,Charlotte Moore,charlottemoore@aol.com,7897655803,Jaipur,India
184,Olivia Johnson,olivia.johnson@live.com,7196712953,Ahmedabad,India
185,David Martinez,david.martinez@gmail.com,8847728770,Pune,India
186,Olivia Johnson,ojohnson885@gmail.com,9102308237,Tokyo,Japan
187,Harper Martin,harpermartin@icloud.com,9583939723,Los Angeles,USA
188,Noah Williams,noahwilliams@proton.me,6795360971,Berlin,Germany
189,Charlotte Moore,charlottemoore@proton.me,6944266181,Melbourne,Australia
190,Emma Brown,ebrown294@outlook.com,6279180505,Ahmedabad,India
191,Harper Martin,harper_martin19@live.com,7838872582,Pune,India
192,Noah Williams,noahwilliams@icloud.com,9324347789,New York,USA
193,Evelyn Jackson,ejackson185@yahoo.com,9798690523,Sydney,Australia
194,Mia Wilson,miawilson@live.com,9394966492,Paris,France
195,Liam Smith,liam.smith@icloud.com,6069691854,Delhi,India
196,Henry Thomas,hthomas760@aol.com,9929908676,Los Angeles,USA
197,Ava Jones,ava.jones@proton.me,9733342394,Lucknow,India
198,Michael White,mwhite697@yahoo.com,7921559017,Delhi,India
199,Ava Jones,ava_jones51@gmail.com,6514602704,Sydney,Australia
200,Mia Wilson,miawilson@yahoo.com,6527267211,Toronto,Canada
201,David Martinez,david.martinez@aol.com,7182131069,Paris,France
202,Lucas Taylor,lucastaylor@live.com,7353608333,Jaipur,India
203,Benjamin Davis,benjamin.davis@hotmail.com,6272160477,Kolkata,India
204,Sophia Garcia,sophiagarcia@yahoo.com,9398474246,Pune,India
205,Michael White,michaelwhite@yahoo.com,8275274008,Paris,France
206,Michael White,mwhite401@gmail.com,9957609431,Mumbai,India
207,Ella Thompson,ella_thompson44@live.com,9958659920,Pune,India
208,Noah Williams,noah.williams@yahoo.com,8731014189,Tokyo,Japan
209,Lucas Taylor,lucastaylor@aol.com,9978464278,Bengaluru,India
210,Lucas Taylor,lucas_taylor21@live.com,7781060851,Los Angeles,USA
211,James Miller,james_miller93@outlook.com,7328933080,Pune,India
212,Harper Martin,harpermartin@icloud.com,9049007646,Hyderabad,India
213,Daniel Harris,dharris421@hotmail.com,6309647796,Mumbai,India
214,Sophia Garcia,sophia_garcia11@proton.me,9868626912,London,United Kingdom
215,Sophia Garcia,sophia.garcia@proton.me,7665804703,Hyderabad,India
216,David Martinez,dmartinez154@yahoo.com,6463032359,Hyderabad,India
217,Daniel Harris,dharris928@outlook.com,6696476198,Pune,India
218,Lucas Taylor,lucas_taylor96@yahoo.com,8158414347,Los Angeles,USA
219,David Martinez,david_martinez19@aol.com,9247152191,Tokyo,Japan
220,David Martinez,david.martinez@outlook.com,8254790367,Paris,France
221,Ella Thompson,ella_thompson45@proton.me,9296071616,Sydney,Australia
222,Ella Thompson,ella_thompson90@hotmail.com,9763814629,Berlin,Germany
223,Noah Williams,noah_williams96@hotmail.com,9138037431,London,United Kingdom
224,James Miller,james.miller@icloud.com,6248095560,Berlin,Germany
225,James Miller,james_miller75@proton.me,7739027253,Melbourne,Australia
226,Lucas Taylor,ltaylor446@icloud.com,9002329670,Manchester,United Kingdom
227,Ava Jones,ava_jones30@yahoo.com,9345865444,Berlin,Germany
228,Harper Martin,harper_martin49@icloud.com,9345632020,Manchester,United Kingdom
229,Olivia Johnson,ojohnson704@gmail.com,9152218470,Ahmedabad,India
230,Evelyn Jackson,evelynjackson@hotmail.com,7849927268,London,United Kingdom
231,Lucas Taylor,lucas.taylor@proton.me,9440956217,Lucknow,India
232,Harper Martin,harper.martin@proton.me,8333934165,New York,USA
233,Lucas Taylor,lucas_taylor38@yahoo.com,9136815801,Sydney,Australia
234,Ella Thompson,ella.thompson@gmail.com,8329461004,Berlin,Germany
235,Charlotte Moore,cmoore604@outlook.com,6225905791,Hyderabad,India
236,Harper Martin,harper.martin@icloud.com,7787862017,Pune,India
237,Emma Brown,ebrown544@icloud.com,6731095766,Bengaluru,India
238,Ava Jones,ajones276@proton.me,6306396993,London,United Kingdom
239,Mia Wilson,mwilson122@yahoo.com,9802646818,Melbourne,Australia
240,Liam Smith,liam.smith@live.com,8481357794,Berlin,Germany
241,Charlotte Moore,charlottemoore@hotmail.com,9074642389,Kolkata,India
242,Harper Martin,harper_martin22@proton.me,8482067650,Melbourne,Australia
243,Ella Thompson,ethompson745@gmail.com,7107802821,Sydney,Australia
244,Grace Clark,gclark880@proton.me,7728247163,Melbourne,Australia
245,Daniel Harris,dharris436@yahoo.com,9235739010,Ahmedabad,India
246,David Martinez,david.martinez@yahoo.com,8340775098,Lucknow,India
247,Ava Jones,avajones@gmail.com,9435902944,London,United Kingdom
248,Noah Williams,noahwilliams@proton.me,6563225588,Tokyo,Japan
249,Henry Thomas,hthomas796@hotmail.com,6109776565,New York,USA
250,David Martinez,dmartinez500@icloud.com,9497678800,Delhi,India
251,Ava Jones,ava_jones39@aol.com,6742132825,Toronto,Canada
252,Ava Jones,avajones@yahoo.com,9713496627,Paris,France
253,Noah Williams,nwilliams626@gmail.com,7137536941,London,United Kingdom
254,Ava Jones,ajones241@hotmail.com,6202194127,Kolkata,India
255,Noah Williams,noahwilliams@proton.me,8149012982,Manchester,United Kingdom
256,Benjamin Davis,benjamin.davis@outlook.com,6984964109,Chennai,India
257,Noah Williams,nwilliams931@hotmail.com,8058154245,Delhi,India
258,Harper Martin,harper_martin7@outlook.com,6813528978,Sydney,Australia
259,James Miller,james_miller98@aol.com,8354983875,Paris,France
260,Henry Thomas,henrythomas@proton.me,8425574235,Kolkata,India
261,Grace Clark,gclark954@icloud.com,8211933585,Los Angeles,USA
262,Evelyn Jackson,evelynjackson@yahoo.com,9265155842,Kolkata,India
263,Amelia Anderson,aanderson852@gmail.com,8167450690,Jaipur,India
264,Olivia Johnson,oliviajohnson@live.com,6273227127,Sydney,Australia
265,Charlotte Moore,charlottemoore@proton.me,6016185797,Bengaluru,India
266,James Miller,james_miller97@hotmail.com,6507038852,Jaipur,India
267,Liam Smith,liam_smith56@live.com,6015186147,Lucknow,India
268,Ava Jones,ava_jones65@aol.com,8780489060,Los Angeles,USA
269,Ella Thompson,ethompson39@hotmail.com,9612090273,London,United Kingdom
270,James Miller,jamesmiller@outlook.com,8087248384,Tokyo,Japan
271,Charlotte Moore,charlotte.moore@yahoo.com,9006543882,Berlin,Germany
272,Olivia Johnson,olivia.johnson@live.com,9688495622,Jaipur,India
273,Michael White,michael.white@proton.me,9342167108,Chennai,India
274,Amelia Anderson,aanderson427@proton.me,9495080417,Berlin,Germany
275,Charlotte Moore,charlottemoore@proton.me,9878839964,New York,USA
276,James Miller,jamesmiller@gmail.com,9964490537,Pune,India
277,David Martinez,david_martinez98@hotmail.com,7254325660,Kolkata,India
278,Olivia Johnson,olivia.johnson@yahoo.com,6809078805,Lucknow,India
279,Ella Thompson,ellathompson@proton.me,9338729265,New York,USA
280,Michael White,michaelwhite@yahoo.com,7215678780,Jaipur,India
281,Emma Brown,emmabrown@proton.me,7951130598,Toronto,Canada
282,Liam Smith,liam.smith@aol.com,7549386992,London,United Kingdom
283,Daniel Harris,daniel.harris@yahoo.com,7523287461,Lucknow,India
284,Ella Thompson,ella_thompson14@yahoo.com,8043125809,Kolkata,India
285,Henry Thomas,henry_thomas11@icloud.com,9077918675,Lucknow,India
286,Sophia Garcia,sophiagarcia@aol.com,7423145566,London,United Kingdom
287,Grace Clark,graceclark@aol.com,6363458125,Delhi,India
288,David Martinez,david_martinez36@icloud.com,7334791157,Manchester,United Kingdom
289,Michael White,michael.white@icloud.com,7700849168,Delhi,India
290,Henry Thomas,henrythomas@live.com,7042287981,Berlin,Germany
291,Evelyn Jackson,evelyn.jackson@hotmail.com,8577180401,Tokyo,Japan
292,Olivia Johnson,oliviajohnson@outlook.com,7002893470,London,United Kingdom
293,Liam Smith,lsmith724@icloud.com,6159746757,Toronto,Canada
294,Harper Martin,harper.martin@icloud.com,7439577315,Manchester,United Kingdom
295,Michael White,michael_white81@live.com,6151146258,Toronto,Canada
296,Lucas Taylor,lucastaylor@yahoo.com,7931522303,Hyderabad,India
297,Mia Wilson,mia.wilson@outlook.com,8394912251,Los Angeles,USA
298,Liam Smith,liam_smith94@hotmail.com,6902530900,New York,USA
299,Noah Williams,noah_williams61@proton.me,6089672409,Sydney,Australia
300,Olivia Johnson,olivia.johnson@hotmail.com,8549579328,Hyderabad,India
301,Grace Clark,gclark108@hotmail.com,6681428442,Hyderabad,India
302,Liam Smith,liam.smith@aol.com,7372530824,Paris,France
303,Mia Wilson,miawilson@gmail.com,7298706816,Los Angeles,USA
304,David Martinez,dmartinez391@proton.me,7925867147,Bengaluru,India
305,Sophia Garcia,sophia_garcia58@live.com,8844416313,Sydney,Australia
306,Michael White,michaelwhite@gmail.com,9320609411,London,United Kingdom
307,Ella Thompson,ethompson230@gmail.com,7223168967,London,United Kingdom
308,Evelyn Jackson,evelyn_jackson30@gmail.com,9333350115,Berlin,Germany
309,Ella Thompson,ellathompson@outlook.com,9294201055,Melbourne,Australia
310,Lucas Taylor,lucas_taylor23@hotmail.com,8937637505,Hyderabad,India
311,Harper Martin,harpermartin@hotmail.com,7039424930,Mumbai,India
312,Evelyn Jackson,evelyn_jackson65@hotmail.com,9948051042,Manchester,United Kingdom
313,Evelyn Jackson,ejackson978@aol.com,6081619902,London,United Kingdom
314,Liam Smith,liam_smith67@proton.me,8972684552,Los Angeles,USA
315,Olivia Johnson,olivia.johnson@proton.me,8529874554,London,United Kingdom
316,David Martinez,davidmartinez@hotmail.com,7948776574,Sydney,Australia
317,David Martinez,davidmartinez@hotmail.com,6994405471,Melbourne,Australia
318,David Martinez,david_martinez88@proton.me,8979398677,Melbourne,Australia
319,Daniel Harris,dharris174@live.com,7625766420,Ahmedabad,India
320,David Martinez,david_martinez20@yahoo.com,7284623329,Bengaluru,India
321,Liam Smith,liamsmith@gmail.com,9825494917,Sydney,Australia
322,Noah Williams,nwilliams518@hotmail.com,6001644869,Los Angeles,USA
323,Emma Brown,ebrown371@live.com,6475498964,Paris,France
324,Lucas Taylor,ltaylor67@icloud.com,7657963388,Delhi,India
325,Olivia Johnson,ojohnson120@outlook.com,8414540747,Pune,India
326,Mia Wilson,mia.wilson@yahoo.com,9827784030,Jaipur,India
327,Ava Jones,ava_jones57@yahoo.com,8177084099,Toronto,Canada
328,Olivia Johnson,olivia.johnson@aol.com,8475277246,New York,USA
329,Ava Jones,ajones440@yahoo.com,8505127926,Sydney,Australia
330,Liam Smith,liam_smith59@live.com,6269544212,Chennai,India
331,Olivia Johnson,ojohnson208@hotmail.com,8091105037,Hyderabad,India
332,Olivia Johnson,ojohnson141@icloud.com,7480475973,Melbourne,Australia
333,James Miller,james_miller26@live.com,8376452315,New York,USA
334,Evelyn Jackson,ejackson434@icloud.com,6752523026,Mumbai,India
335,David Martinez,dmartinez527@live.com,8774118381,Toronto,Canada
336,Emma Brown,emma_brown72@gmail.com,8202860029,Pune,India
337,Amelia Anderson,amelia_anderson20@outlook.com,9020624887,Manchester,United Kingdom
338,Charlotte Moore,cmoore918@yahoo.com,8703047952,Tokyo,Japan
339,Noah Williams,noah.williams@gmail.com,9340043448,Mumbai,India
340,Michael White,mwhite384@gmail.com,6720566790,London,United Kingdom
341,Ava Jones,ajones903@gmail.com,8764383719,Toronto,Canada
342,Charlotte Moore,charlotte_moore53@icloud.com,8098212529,New York,USA
343,Harper Martin,hmartin778@live.com,6682041241,Tokyo,Japan
344,Lucas Taylor,lucastaylor@icloud.com,7130576890,London,United Kingdom
345,Michael White,mwhite807@yahoo.com,6511847866,Kolkata,India
346,Olivia Johnson,oliviajohnson@gmail.com,8578653061,Los Angeles,USA
347,Liam Smith,liamsmith@proton.me,9714445222,Toronto,Canada
348,Sophia Garcia,sophiagarcia@icloud.com,6349724324,Los Angeles,USA
349,Grace Clark,grace_clark92@hotmail.com,6765304501,Jaipur,India
350,Noah Williams,noah.williams@yahoo.com,7895612814,New York,USA
351,Sophia Garcia,sgarcia587@gmail.com,6884949121,Tokyo,Japan
352,Ava Jones,ajones451@outlook.com,6124074853,Los Angeles,USA
353,Charlotte Moore,charlottemoore@gmail.com,9646782485,Chennai,India
354,Amelia Anderson,amelia.anderson@aol.com,7250340501,London,United Kingdom
355,Sophia Garcia,sophia_garcia72@hotmail.com,8775991247,London,United Kingdom
356,Benjamin Davis,benjamin_davis44@hotmail.com,6726515680,Lucknow,India
357,Ava Jones,ajones754@yahoo.com,8499445228,Melbourne,Australia
358,Sophia Garcia,sgarcia656@icloud.com,9393679883,Toronto,Canada
359,Ava Jones,ava.jones@gmail.com,7205132559,Paris,France
360,Lucas Taylor,ltaylor29@gmail.com,8287710498,Delhi,India
361,Harper Martin,harpermartin@outlook.com,6924135489,Mumbai,India
362,Noah Williams,noah.williams@hotmail.com,8511485325,Toronto,Canada
363,Olivia Johnson,ojohnson609@outlook.com,8225461921,Bengaluru,India
364,Grace Clark,grace_clark89@live.com,8491539743,Berlin,Germany
365,Michael White,michaelwhite@aol.com,9493262872,Kolkata,India
366,Harper Martin,hmartin118@gmail.com,7983027067,Hyderabad,India
367,Harper Martin,harpermartin@aol.com,9114797273,Mumbai,India
368,Amelia Anderson,amelia_anderson30@icloud.com,8892982118,Chennai,India
369,Lucas Taylor,lucastaylor@aol.com,6202019241,Los Angeles,USA
370,Daniel Harris,dharris805@live.com,6897580227,Mumbai,India
371,Charlotte Moore,charlottemoore@live.com,9710348805,Ahmedabad,India
372,Noah Williams,noah_williams60@hotmail.com,6047686502,Chennai,India
373,Charlotte Moore,charlottemoore@aol.com,8767335549,New York,USA
374,Charlotte Moore,charlottemoore@outlook.com,6089621595,Paris,France
375,Emma Brown,emmabrown@yahoo.com,6841597457,Delhi,India
376,Harper Martin,hmartin877@proton.me,9518697077,Berlin,Germany
377,Benjamin Davis,benjamindavis@proton.me,9466439431,Kolkata,India
378,Emma Brown,emmabrown@aol.com,8887449716,Berlin,Germany
379,Ava Jones,ava_jones16@icloud.com,9162929714,Manchester,United Kingdom
380,Emma Brown,ebrown636@live.com,6452196683,Sydney,Australia
381,Emma Brown,emma.brown@gmail.com,7359323081,Melbourne,Australia
382,Ava Jones,ava.jones@icloud.com,7292915277,London,United Kingdom
383,Evelyn Jackson,evelyn.jackson@icloud.com,8847129940,London,United Kingdom
384,Henry Thomas,henry_thomas10@proton.me,6506465476,Manchester,United Kingdom
385,David Martinez,david.martinez@proton.me,8845316907,Kolkata,India
386,Daniel Harris,dharris371@icloud.com,9688869868,Toronto,Canada
387,Sophia Garcia,sophia.garcia@outlook.com,9274744481,Lucknow,India
388,Lucas Taylor,ltaylor350@hotmail.com,6335439359,New York,USA
389,Liam Smith,liam.smith@hotmail.com,8426124805,Mumbai,India
390,Grace Clark,graceclark@outlook.com,8583021760,Chennai,India
391,Sophia Garcia,sgarcia807@gmail.com,9661145513,Berlin,Germany
392,Amelia Anderson,ameliaanderson@hotmail.com,7502134625,Melbourne,Australia
393,Sophia Garcia,sophia.garcia@proton.me,7029294126,Pune,India
394,Emma Brown,emma_brown71@proton.me,6998034946,Los Angeles,USA
395,Benjamin Davis,benjamin_davis74@live.com,8119621460,Mumbai,India
396,Ava Jones,ava.jones@hotmail.com,7449708398,Hyderabad,India
397,Emma Brown,ebrown130@live.com,7795916450,Paris,France
398,Grace Clark,grace.clark@outlook.com,8715787519,London,United Kingdom
399,Olivia Johnson,ojohnson812@outlook.com,6683701188,Pune,India
400,Grace Clark,gclark338@aol.com,7144864552,Delhi,India
401,Amelia Anderson,amelia.anderson@gmail.com,7871128537,Los Angeles,USA
402,David Martinez,david_martinez30@hotmail.com,6911064315,Paris,France
403,Amelia Anderson,amelia.anderson@outlook.com,6747690407,Delhi,India
404,Harper Martin,harper.martin@hotmail.com,7981184296,Paris,France
405,Michael White,michaelwhite@aol.com,6561842068,Ahmedabad,India
406,Amelia Anderson,amelia_anderson43@icloud.com,7826476577,Jaipur,India
407,Daniel Harris,daniel_harris99@proton.me,7334372200,Chennai,India
408,Amelia Anderson,aanderson53@aol.com,9663325593,Toronto,Canada
409,Sophia Garcia,sgarcia202@gmail.com,6347480528,Paris,France
410,Evelyn Jackson,evelynjackson@hotmail.com,6154203627,Bengaluru,India
411,Henry Thomas,henry.thomas@gmail.com,8380922047,Delhi,India
412,Olivia Johnson,ojohnson789@icloud.com,7896238512,Sydney,Australia
413,James Miller,jmiller520@proton.me,6357662730,Toronto,Canada
414,Emma Brown,emma.brown@proton.me,7360124012,Manchester,United Kingdom
415,David Martinez,davidmartinez@icloud.com,7271559822,Mumbai,India
416,Lucas Taylor,ltaylor501@aol.com,6789307692,Kolkata,India
417,Michael White,michaelwhite@hotmail.com,8450212708,London,United Kingdom
418,Benjamin Davis,bdavis884@live.com,9417535226,Kolkata,India
419,Michael White,michael.white@outlook.com,9341696428,Mumbai,India
420,Henry Thomas,hthomas613@icloud.com,6722534160,Jaipur,India
421,Harper Martin,hmartin296@yahoo.com,6637870531,Ahmedabad,India
422,Evelyn Jackson,ejackson929@aol.com,9053373890,Toronto,Canada
423,James Miller,james_miller20@proton.me,6406394855,London,United Kingdom
424,Grace Clark,gclark652@icloud.com,8668405752,Manchester,United Kingdom
425,Sophia Garcia,sophia_garcia70@live.com,7807670634,Chennai,India
426,Henry Thomas,henry.thomas@hotmail.com,7605528014,Hyderabad,India
427,Daniel Harris,daniel_harris50@icloud.com,8745034422,Lucknow,India
428,Ella Thompson,ella.thompson@proton.me,6599378615,New York,USA
429,Grace Clark,gclark251@live.com,9012488521,Los Angeles,USA
430,Charlotte Moore,charlotte.moore@outlook.com,7402549332,Paris,France
431,Lucas Taylor,lucas.taylor@icloud.com,8623120544,Sydney,Australia
432,Liam Smith,liamsmith@aol.com,8234751689,Tokyo,Japan
433,Charlotte Moore,charlottemoore@aol.com,9103484129,Hyderabad,India
434,Liam Smith,lsmith333@gmail.com,6546555951,Los Angeles,USA
435,Emma Brown,ebrown231@outlook.com,6014170985,Paris,France
436,Charlotte Moore,charlotte_moore89@gmail.com,6926786839,Lucknow,India
437,Harper Martin,hmartin981@proton.me,6534251706,Mumbai,India
438,Emma Brown,ebrown942@aol.com,9520954149,Pune,India
439,Daniel Harris,daniel.harris@hotmail.com,9854577491,Hyderabad,India
440,Mia Wilson,mia_wilson83@yahoo.com,9069640568,London,United Kingdom
441,David Martinez,davidmartinez@outlook.com,9599245095,Lucknow,India
442,Henry Thomas,henry_thomas59@live.com,8936877301,Bengaluru,India
443,Charlotte Moore,charlotte.moore@gmail.com,6356331600,Jaipur,India
444,Olivia Johnson,ojohnson108@yahoo.com,7256944493,Los Angeles,USA
445,David Martinez,dmartinez102@yahoo.com,9455302833,Kolkata,India
446,Daniel Harris,dharris753@icloud.com,7161233316,New York,USA
447,James Miller,jamesmiller@icloud.com,6381464994,Sydney,Australia
448,Noah Williams,nwilliams764@outlook.com,8175368253,New York,USA
449,Ella Thompson,ella.thompson@icloud.com,9613359837,Tokyo,Japan
450,Liam Smith,liamsmith@yahoo.com,9678048701,New York,USA
451,Harper Martin,harper_martin79@yahoo.com,6692460702,Ahmedabad,India
452,James Miller,james.miller@hotmail.com,9173237459,Lucknow,India
453,Amelia Anderson,ameliaanderson@yahoo.com,6556624047,Pune,India
454,Charlotte Moore,cmoore641@live.com,8555666369,Delhi,India
455,Henry Thomas,hthomas655@yahoo.com,8520703177,Manchester,United Kingdom
456,Olivia Johnson,ojohnson388@outlook.com,9501159771,Jaipur,India
457,Harper Martin,harpermartin@aol.com,7904988903,Paris,France
458,Emma Brown,emma_brown75@outlook.com,7100635766,London,United Kingdom
459,Lucas Taylor,lucastaylor@gmail.com,7353221868,New York,USA
460,Michael White,michael.white@gmail.com,6234824597,London,United Kingdom
461,Liam Smith,liamsmith@proton.me,8710262867,Toronto,Canada
462,Emma Brown,ebrown316@outlook.com,9362760791,Chennai,India
463,Noah Williams,noahwilliams@hotmail.com,8598160943,Hyderabad,India
464,Emma Brown,emma.brown@live.com,9899815540,Pune,India
465,Noah Williams,nwilliams247@outlook.com,7255526284,Mumbai,India
466,Harper Martin,harpermartin@aol.com,8552047606,Melbourne,Australia
467,James Miller,jamesmiller@live.com,8317261009,Pune,India
468,Ava Jones,ava_jones86@live.com,6820113311,Kolkata,India
469,Olivia Johnson,ojohnson31@yahoo.com,8408133894,Ahmedabad,India
470,Benjamin Davis,benjamin_davis79@outlook.com,6668886167,Jaipur,India
471,Emma Brown,emmabrown@proton.me,7455794141,Paris,France
472,Evelyn Jackson,ejackson867@icloud.com,8830030159,Lucknow,India
473,Olivia Johnson,olivia_johnson75@yahoo.com,7862523542,Delhi,India
474,Olivia Johnson,olivia_johnson35@live.com,6029573970,Paris,France
475,Michael White,michaelwhite@aol.com,9986359865,Paris,France
476,Olivia Johnson,oliviajohnson@aol.com,6918288774,London,United Kingdom
477,Benjamin Davis,bdavis784@proton.me,7841574826,Paris,France
478,James Miller,jamesmiller@icloud.com,8112012101,Hyderabad,India
479,Grace Clark,graceclark@live.com,8180085521,New York,USA
480,James Miller,james.miller@proton.me,9214914117,Ahmedabad,India
481,Henry Thomas,henry.thomas@live.com,6212550344,Toronto,Canada
482,Noah Williams,noah_williams13@live.com,7356607049,Kolkata,India
483,James Miller,james_miller69@proton.me,8825162037,Pune,India
484,Charlotte Moore,charlottemoore@yahoo.com,8456985351,Kolkata,India
485,Olivia Johnson,oliviajohnson@proton.me,8817686741,Mumbai,India
486,Ava Jones,avajones@aol.com,8621446626,Sydney,Australia
487,Ava Jones,ajones955@yahoo.com,7564443384,Delhi,India
488,Charlotte Moore,charlottemoore@outlook.com,8503476447,Tokyo,Japan
489,Noah Williams,noah.williams@live.com,6794148047,Paris,France
490,Evelyn Jackson,evelyn_jackson15@aol.com,7265340745,Tokyo,Japan
491,Benjamin Davis,benjamin.davis@yahoo.com,7196853647,Pune,India
492,Noah Williams,noah.williams@yahoo.com,9294459288,Paris,France
493,Ava Jones,avajones@aol.com,7217454824,Kolkata,India
494,Emma Brown,emma_brown29@hotmail.com,9804840401,Chennai,India
495,Ava Jones,avajones@proton.me,7394516788,Tokyo,Japan
496,Liam Smith,lsmith421@proton.me,6095065020,Berlin,Germany
497,James Miller,james.miller@live.com,9626061371,Tokyo,Japan
498,Olivia Johnson,ojohnson21@hotmail.com,9526904373,Melbourne,Australia
499,Daniel Harris,danielharris@yahoo.com,9069435183,Berlin,Germany
500,Benjamin Davis,benjamin.davis@proton.me,9257264271,Jaipur,India
